Mob Name,Mods,,,,,,,,,
Alad V (Vip/AladV/AladBoss),Chargeur glissant(/Lotus/Upgrades/Mods/Pistol/WeaponClipMaxMod),Charge chaleureuse(/Lotus/Upgrades/Mods/Pistol/WeaponFireDamageMod),Pistolero(/Lotus/Upgrades/Mods/Pistol/WeaponFireRateMod),Dégaine(/Lotus/Upgrades/Mods/Pistol/WeaponReloadSpeedMod),Concentration(/Lotus/Upgrades/Mods/Warframe/AvatarAbilityStrengthMod),Vitalité(/Lotus/Upgrades/Mods/Warframe/AvatarHealthMaxMod),,,,
Ambulas (BipedRobot/Vip/BossBiped),Monde en feu(/Lotus/Powersuits/Ember/WorldOnFireAbilityCard),Impact de fusion(/Lotus/Upgrades/Mods/Melee/WeaponFireDamageMod),Point de pression(/Lotus/Upgrades/Mods/Melee/WeaponMeleeDamageMod),Charge chaleureuse(/Lotus/Upgrades/Mods/Pistol/WeaponFireDamageMod),Chargeur difforme(/Lotus/Upgrades/Mods/Rifle/WeaponClipMaxMod),Feu des enfers(/Lotus/Upgrades/Mods/Rifle/WeaponFireDamageMod),Déviation rapide(/Lotus/Upgrades/Mods/Warframe/AvatarShieldRechargeRateMod),,,
Ancien Disruptif (AiWeek/Ancients/Ancient),Sonar(/Lotus/Powersuits/Banshee/SonarAbilityCard),Boule de feu(/Lotus/Powersuits/Ember/FireBallAbilityCard),Écrasement(/Lotus/Powersuits/Mag/CrushAbilityCard),Common Cœur de Fusion(/Lotus/Upgrades/Mods/Fusers/CommonModFuser),Rare Cœur de Fusion(/Lotus/Upgrades/Mods/Fusers/RareModFuser),Expulse-Infestés(/Lotus/Upgrades/Mods/Pistol/WeaponPistolFactionDamageInfested),Fléchette(/Lotus/Upgrades/Mods/Shotgun/WeaponArmorPiercingDamageMod),Redirection(/Lotus/Upgrades/Mods/Warframe/AvatarShieldMaxMod),Cleaving Whirlwind(/Lotus/Weapons/Tenno/Melee/MeleeTrees/AxeCmbTwoMeleeTree),
Ancien Guérisseur (AiWeek/Ancients/HealingAncient),Surchauffe(/Lotus/Powersuits/Ember/FireSkinAbilityCard),Peau de fer(/Lotus/Powersuits/Rhino/IronSkinAbilityCard),Choc(/Lotus/Powersuits/Volt/ShockAbilityCard),Common Cœur de Fusion(/Lotus/Upgrades/Mods/Fusers/CommonModFuser),Rare Cœur de Fusion(/Lotus/Upgrades/Mods/Fusers/RareModFuser),Uncommon Cœur de Fusion(/Lotus/Upgrades/Mods/Fusers/UncommonModFuser),Trifouilleur(/Lotus/Upgrades/Mods/Pistol/WeaponPunctureDepthMod),Paratonnerre(/Lotus/Upgrades/Mods/Warframe/AvatarDamageResistanceElectricity),Ignifugé(/Lotus/Upgrades/Mods/Warframe/AvatarDamageResistanceFire),
Ancien Toxique (AiWeek/Ancients/ToxicAncient),Common Cœur de Fusion(/Lotus/Upgrades/Mods/Fusers/CommonModFuser),Uncommon Cœur de Fusion(/Lotus/Upgrades/Mods/Fusers/UncommonModFuser),Fracas d'organes(/Lotus/Upgrades/Mods/Melee/WeaponCritDamageMod),Chargeur glissant(/Lotus/Upgrades/Mods/Pistol/WeaponClipMaxMod),Nuée de dards(/Lotus/Upgrades/Mods/Pistol/WeaponDamageAmountMod),Firestorm(/Lotus/Upgrades/Mods/Rifle/WeaponIncreaseRadialExplosionMod),Déviation rapide(/Lotus/Upgrades/Mods/Sentinel/SentinelShieldRechargeRateMod),Shredder(/Lotus/Upgrades/Mods/Shotgun/WeaponSlashDamageMod),Manteau chaleureux(/Lotus/Upgrades/Mods/Warframe/AvatarMissionSpecificResistanceIce),Brutal Tide(/Lotus/Weapons/Tenno/Melee/MeleeTrees/PunchKickCmbTwoMeleeTree)
Anti Moa (BipedRobot/AIWeek/LaserDiscBiped),Hysteria(/Lotus/Powersuits/Berserker/LastStandAbilityCard),Venin(/Lotus/Powersuits/Saryn/PoisonAbilityCard),Turbulence(/Lotus/Powersuits/Tengu/TurbulenceAbilityCard),Pathogen Rounds(/Lotus/Upgrades/Mods/Pistol/WeaponToxinDamageMod),Vitalité(/Lotus/Upgrades/Mods/Sentinel/SentinelHealthMaxMod),Contrôle des foules(/Lotus/Upgrades/Mods/Shotgun/WeaponStunChanceMod),Astuce du voleur(/Lotus/Upgrades/Mods/Warframe/AvatarLootRadarMod),Swirling Tiger(/Lotus/Weapons/Tenno/Melee/MeleeTrees/DualSwordCmbOneMeleeTree),,
Arid Butcher (Desert/BladeSawman),Paralysis(/Lotus/Powersuits/Berserker/ShieldBlastAbilityCard),Common Cœur de Fusion(/Lotus/Upgrades/Mods/Fusers/CommonModFuser),Uncommon Cœur de Fusion(/Lotus/Upgrades/Mods/Fusers/UncommonModFuser),Vent du Nord(/Lotus/Upgrades/Mods/Melee/WeaponFreezeDamageMod),Bobine réflexe(/Lotus/Upgrades/Mods/Melee/WeaponMeleeChargeRateMod),Fever Strike(/Lotus/Upgrades/Mods/Melee/WeaponToxinDamageMod),Coup de tonerre(/Lotus/Upgrades/Mods/Rifle/WeaponStunChanceMod),Tromblon(/Lotus/Upgrades/Mods/Shotgun/WeaponCritChanceMod),Flux(/Lotus/Upgrades/Mods/Warframe/AvatarPowerMaxMod),Tranquil Cleave(/Lotus/Weapons/Tenno/Melee/MeleeTrees/KatanaCmbOneMeleeTree)
Arid Eviscerator (Desert/EvisceratorLancer),Vague de glace(/Lotus/Powersuits/Frost/IceSpikeAbilityCard),Lien(/Lotus/Powersuits/Trinity/LinkAbilityCard),Common Cœur de Fusion(/Lotus/Upgrades/Mods/Fusers/CommonModFuser),Rare Cœur de Fusion(/Lotus/Upgrades/Mods/Fusers/RareModFuser),Toucher choquant(/Lotus/Upgrades/Mods/Melee/WeaponElectricityDamageMod),Force chancelante(/Lotus/Upgrades/Mods/Melee/WeaponStunChanceMod),Manoeuvre du pistolet(/Lotus/Upgrades/Mods/Pistol/WeaponCritChanceMod),Disruptor(/Lotus/Upgrades/Mods/Shotgun/WeaponImpactDamageMod),Sundering Weave(/Lotus/Weapons/Tenno/Melee/MeleeTrees/MacheteCmbOneMeleeTree),
Arid Heavy Gunner (Desert/HeavyFemaleGrineerDesert),Monde en feu(/Lotus/Powersuits/Ember/WorldOnFireAbilityCard),Invisibilité(/Lotus/Powersuits/Loki/InvisibilityAbilityCard),Common Cœur de Fusion(/Lotus/Upgrades/Mods/Fusers/CommonModFuser),Rare Cœur de Fusion(/Lotus/Upgrades/Mods/Fusers/RareModFuser),Uncommon Cœur de Fusion(/Lotus/Upgrades/Mods/Fusers/UncommonModFuser),Chargeur glissant(/Lotus/Upgrades/Mods/Pistol/WeaponClipMaxMod),Chargeur difforme(/Lotus/Upgrades/Mods/Rifle/WeaponClipMaxMod),Compression de cartouches(/Lotus/Upgrades/Mods/Shotgun/WeaponAmmoMaxMod),Tromblon(/Lotus/Upgrades/Mods/Shotgun/WeaponCritChanceMod),
Arid Hellion (Desert/JetpackMarine),Tail Wind(/Lotus/Powersuits/Tengu/TailWindAbilityCard),Rare Cœur de Fusion(/Lotus/Upgrades/Mods/Fusers/RareModFuser),Heavy Trauma(/Lotus/Upgrades/Mods/Melee/WeaponImpactDamageMod),Point de pression(/Lotus/Upgrades/Mods/Melee/WeaponMeleeDamageMod),Charge chaleureuse(/Lotus/Upgrades/Mods/Pistol/WeaponFireDamageMod),Rationalisation(/Lotus/Upgrades/Mods/Warframe/AvatarAbilityEfficiencyMod),Peau de diamant(/Lotus/Upgrades/Mods/Warframe/AvatarDamageResistanceLaser),Vitalité(/Lotus/Upgrades/Mods/Warframe/AvatarHealthMaxMod),Iron Phoenix(/Lotus/Weapons/Tenno/Melee/MeleeTrees/IronPhoenixMeleeTree),
Arid Lancer (Desert/RifleLancer),Tail Wind(/Lotus/Powersuits/Tengu/TailWindAbilityCard),Rare Cœur de Fusion(/Lotus/Upgrades/Mods/Fusers/RareModFuser),Heavy Trauma(/Lotus/Upgrades/Mods/Melee/WeaponImpactDamageMod),Point de pression(/Lotus/Upgrades/Mods/Melee/WeaponMeleeDamageMod),Charge chaleureuse(/Lotus/Upgrades/Mods/Pistol/WeaponFireDamageMod),Rationalisation(/Lotus/Upgrades/Mods/Warframe/AvatarAbilityEfficiencyMod),Peau de diamant(/Lotus/Upgrades/Mods/Warframe/AvatarDamageResistanceLaser),Vitalité(/Lotus/Upgrades/Mods/Warframe/AvatarHealthMaxMod),Iron Phoenix(/Lotus/Weapons/Tenno/Melee/MeleeTrees/IronPhoenixMeleeTree),
Arid Seeker (Desert/GrineerMarinePistol),Lâché(/Lotus/Powersuits/AntiMatter/AntiMatterDropAbilityCard),Tempête de lames(/Lotus/Powersuits/Ninja/NinjaStormAbilityCard),Rare Cœur de Fusion(/Lotus/Upgrades/Mods/Fusers/RareModFuser),Coup meurtrier(/Lotus/Upgrades/Mods/Melee/WeaponMeleeHeavyDamageMod),Canon à diffusion(/Lotus/Upgrades/Mods/Pistol/WeaponFireIterationsMod),Sawtooth Clip(/Lotus/Upgrades/Mods/Rifle/WeaponSlashDamageMod),Déviation rapide(/Lotus/Upgrades/Mods/Sentinel/SentinelShieldRechargeRateMod),Crushing Ruin(/Lotus/Weapons/Tenno/Melee/MeleeTrees/HammerCmbTwoMeleeTree),Shimmering Blight(/Lotus/Weapons/Tenno/Melee/MeleeTrees/PolearmCmbOneMeleeTree),
Arid Trooper (Desert/ShotgunLancer),Vague de glace(/Lotus/Powersuits/Frost/IceSpikeAbilityCard),Lien(/Lotus/Powersuits/Trinity/LinkAbilityCard),Common Cœur de Fusion(/Lotus/Upgrades/Mods/Fusers/CommonModFuser),Rare Cœur de Fusion(/Lotus/Upgrades/Mods/Fusers/RareModFuser),Toucher choquant(/Lotus/Upgrades/Mods/Melee/WeaponElectricityDamageMod),Force chancelante(/Lotus/Upgrades/Mods/Melee/WeaponStunChanceMod),Manoeuvre du pistolet(/Lotus/Upgrades/Mods/Pistol/WeaponCritChanceMod),Disruptor(/Lotus/Upgrades/Mods/Shotgun/WeaponImpactDamageMod),Sundering Weave(/Lotus/Weapons/Tenno/Melee/MeleeTrees/MacheteCmbOneMeleeTree),
Ballista (AIWeek/FemaleGrineer),Gel(/Lotus/Powersuits/Frost/IcicleAbilityCard),Shuriken(/Lotus/Powersuits/Ninja/GlaiveAbilityCard),Écran de fumée(/Lotus/Powersuits/Ninja/SmokeScreenAbilityCard),Bastille(/Lotus/Powersuits/Trapper/LevTrapAbilityCard),Common Cœur de Fusion(/Lotus/Upgrades/Mods/Fusers/CommonModFuser),Rare Cœur de Fusion(/Lotus/Upgrades/Mods/Fusers/RareModFuser),Uncommon Cœur de Fusion(/Lotus/Upgrades/Mods/Fusers/UncommonModFuser),Fracas d'organes(/Lotus/Upgrades/Mods/Melee/WeaponCritDamageMod),Porte-Tempête(/Lotus/Upgrades/Mods/Rifle/WeaponElectricityDamageMod),
Bombardier Grineer (AIWeek/RocketBombard),Sanctuaire(/Lotus/Types/Sentinels/SentinelPrecepts/Sanctuary),Common Cœur de Fusion(/Lotus/Upgrades/Mods/Fusers/CommonModFuser),Rare Cœur de Fusion(/Lotus/Upgrades/Mods/Fusers/RareModFuser),Acier véritable(/Lotus/Upgrades/Mods/Melee/WeaponCritChanceMod),Expulse-Grineer(/Lotus/Upgrades/Mods/Pistol/WeaponPistolFactionDamageGrineer),Pompe tactique(/Lotus/Upgrades/Mods/Shotgun/WeaponReloadSpeedMod),Bien chaussé(/Lotus/Upgrades/Mods/Warframe/AvatarKnockdownResistanceMod),Manteau chaleureux(/Lotus/Upgrades/Mods/Warframe/AvatarMissionSpecificResistanceIce),Crimson Dervish(/Lotus/Weapons/Tenno/Melee/MeleeTrees/CrimsonDervishMeleeTree),
Brûleur Grineer (AIWeek/FlameLancer),Carreaux psychiques(/Lotus/Powersuits/Jade/DaggerAbilityCard),Venin(/Lotus/Powersuits/Saryn/PoisonAbilityCard),Bouclier électrique(/Lotus/Powersuits/Volt/ShieldAbilityCard),Mort brusque(/Lotus/Types/Sentinels/SentinelPrecepts/SwiftDeth),Common Cœur de Fusion(/Lotus/Upgrades/Mods/Fusers/CommonModFuser),Uncommon Cœur de Fusion(/Lotus/Upgrades/Mods/Fusers/UncommonModFuser),Force d'arrêt(/Lotus/Upgrades/Mods/Pistol/WeaponStunChanceMod),Fléau des Grineers(/Lotus/Upgrades/Mods/Rifle/WeaponFactionDamageGrineer),Swirling Tiger(/Lotus/Weapons/Tenno/Melee/MeleeTrees/DualSwordCmbOneMeleeTree),
Capitaine Vor (Vip/CaptainVorBoss),Chargeur glissant(/Lotus/Upgrades/Mods/Pistol/WeaponClipMaxMod),Charge chaleureuse(/Lotus/Upgrades/Mods/Pistol/WeaponFireDamageMod),Pistolero(/Lotus/Upgrades/Mods/Pistol/WeaponFireRateMod),Dégaine(/Lotus/Upgrades/Mods/Pistol/WeaponReloadSpeedMod),Concentration(/Lotus/Upgrades/Mods/Warframe/AvatarAbilityStrengthMod),Vitalité(/Lotus/Upgrades/Mods/Warframe/AvatarHealthMaxMod),,,,
Chargeur (AiWeek/Quadrupeds/Quadruped),Chaos(/Lotus/Powersuits/Jade/ChaosAbilityCard),Régen(/Lotus/Types/Sentinels/SentinelPrecepts/Regen),Common Cœur de Fusion(/Lotus/Upgrades/Mods/Fusers/CommonModFuser),Rare Cœur de Fusion(/Lotus/Upgrades/Mods/Fusers/RareModFuser),Convulsion(/Lotus/Upgrades/Mods/Pistol/WeaponElectricityDamageMod),Gachette rapide(/Lotus/Upgrades/Mods/Rifle/WeaponFireRateMod),Rupture(/Lotus/Upgrades/Mods/Rifle/WeaponImpactDamageMod),Redirection(/Lotus/Upgrades/Mods/Sentinel/SentinelShieldMaxMod),Fracturing Wind(/Lotus/Weapons/Tenno/Melee/MeleeTrees/FistCmbOneMeleeTree),
Chercheur Grineer (GrineerMarinePistol),Lâché(/Lotus/Powersuits/AntiMatter/AntiMatterDropAbilityCard),Tempête de lames(/Lotus/Powersuits/Ninja/NinjaStormAbilityCard),Rare Cœur de Fusion(/Lotus/Upgrades/Mods/Fusers/RareModFuser),Coup meurtrier(/Lotus/Upgrades/Mods/Melee/WeaponMeleeHeavyDamageMod),Canon à diffusion(/Lotus/Upgrades/Mods/Pistol/WeaponFireIterationsMod),Sawtooth Clip(/Lotus/Upgrades/Mods/Rifle/WeaponSlashDamageMod),Déviation rapide(/Lotus/Upgrades/Mods/Sentinel/SentinelShieldRechargeRateMod),Crushing Ruin(/Lotus/Weapons/Tenno/Melee/MeleeTrees/HammerCmbTwoMeleeTree),Shimmering Blight(/Lotus/Weapons/Tenno/Melee/MeleeTrees/PolearmCmbOneMeleeTree),
Commandant Grineer (GrineerMarineLeader),Monde en feu(/Lotus/Powersuits/Ember/WorldOnFireAbilityCard),Invisibilité(/Lotus/Powersuits/Loki/InvisibilityAbilityCard),Chargeur glissant(/Lotus/Upgrades/Mods/Pistol/WeaponClipMaxMod),Chargeur difforme(/Lotus/Upgrades/Mods/Rifle/WeaponClipMaxMod),Compression de cartouches(/Lotus/Upgrades/Mods/Shotgun/WeaponAmmoMaxMod),Tromblon(/Lotus/Upgrades/Mods/Shotgun/WeaponCritChanceMod),,,,
Corrupted Ancient (OrokinHealingAncient),Common Cœur de Fusion(/Lotus/Upgrades/Mods/Fusers/CommonModFuser),Rare Cœur de Fusion(/Lotus/Upgrades/Mods/Fusers/RareModFuser),Uncommon Cœur de Fusion(/Lotus/Upgrades/Mods/Fusers/UncommonModFuser),Berserker(/Lotus/Upgrades/Mods/Melee/WeaponCritFireRateBonusMod),Reflection(/Lotus/Upgrades/Mods/Warframe/AvatarParryReflectMod),Quick Thinking(/Lotus/Upgrades/Mods/Warframe/AvatarPowerToHealthOnDeathMod),Maglev(/Lotus/Upgrades/Mods/Warframe/AvatarSlideBoostMod),Clashing Forest(/Lotus/Weapons/Tenno/Melee/MeleeTrees/StaffCmbOneMeleeTree),,
Corrupted Crewman (RifleSpaceman),Attirer(/Lotus/Powersuits/Mag/PullAbilityCard),Contagion(/Lotus/Powersuits/Saryn/WeaponPoisonAbilityCard),Common Cœur de Fusion(/Lotus/Upgrades/Mods/Fusers/CommonModFuser),Rare Cœur de Fusion(/Lotus/Upgrades/Mods/Fusers/RareModFuser),Glaive Reflection(/Lotus/Upgrades/Mods/Melee/WeaponGlaiveReflectionDecreaseMod),Suppress(/Lotus/Upgrades/Mods/Pistol/WeaponNoiseReductionMod),Steady Hands(/Lotus/Upgrades/Mods/Pistol/WeaponRecoilReductionMod),Fired Up(/Lotus/Upgrades/Mods/Sentinel/SentinelOverheatDamageMod),Coiling Viper(/Lotus/Weapons/Tenno/Melee/MeleeTrees/WhipCmbTwoMeleeTree),
Corrupted Heavy Gunner (OrokinHeavyFemale),Desecrate(/Lotus/Powersuits/Necro/SearchTheDeadAbilityCard),Rare Cœur de Fusion(/Lotus/Upgrades/Mods/Fusers/RareModFuser),Uncommon Cœur de Fusion(/Lotus/Upgrades/Mods/Fusers/UncommonModFuser),Tourbillon(/Lotus/Upgrades/Mods/Melee/WeaponGlaiveSpeedMod),Spare Parts(/Lotus/Upgrades/Mods/Sentinel/SentinelDropChanceMod),Intruder(/Lotus/Upgrades/Mods/Warframe/AvatarTimeLimitIncreaseMod),Flailing Branch(/Lotus/Weapons/Tenno/Melee/MeleeTrees/StaffCmbTwoMeleeTree),,,
Corrupted Lancer (RifleLancer),Vacuum(/Lotus/Types/Sentinels/SentinelPrecepts/ItemVacum),Thumper(/Lotus/Types/Sentinels/SentinelPrecepts/Thumper),Rare Cœur de Fusion(/Lotus/Upgrades/Mods/Fusers/RareModFuser),Uncommon Cœur de Fusion(/Lotus/Upgrades/Mods/Fusers/UncommonModFuser),Lancer de glaive puissant(/Lotus/Upgrades/Mods/Melee/WeaponGlaivePowerthrowMod),Finishing Touch(/Lotus/Upgrades/Mods/Melee/WeaponMeleeFinisherDamageMod),Infected Clip(/Lotus/Upgrades/Mods/Rifle/WeaponToxinDamageMod),Burning Wasp(/Lotus/Weapons/Tenno/Melee/MeleeTrees/WhipCmbOneMeleeTree),,
Corrupted Moa (OrokinMoaBiped),Fatal Attraction(/Lotus/Types/Sentinels/SentinelPrecepts/Bait),Striker(/Lotus/Types/Sentinels/SentinelPrecepts/BoomStick),Common Cœur de Fusion(/Lotus/Upgrades/Mods/Fusers/CommonModFuser),Rare Cœur de Fusion(/Lotus/Upgrades/Mods/Fusers/RareModFuser),Second Wind(/Lotus/Upgrades/Mods/Melee/WeaponStaminaBonusMod),Reflex Guard(/Lotus/Upgrades/Mods/Warframe/AvatarAutoParryMod),Antitoxine(/Lotus/Upgrades/Mods/Warframe/AvatarDamageResistancePoison),Bleeding Willow(/Lotus/Weapons/Tenno/Melee/MeleeTrees/PolearmCmbTwoMeleeTree),,
Coureur (AiWeek/Runners/SuicideRunner),Tornado(/Lotus/Powersuits/Tengu/TornadoAbilityCard),Puits de vie(/Lotus/Powersuits/Trinity/WellOfLifeAbilityCard),Fantôme(/Lotus/Types/Sentinels/SentinelPrecepts/Ghost),Common Cœur de Fusion(/Lotus/Upgrades/Mods/Fusers/CommonModFuser),Rare Cœur de Fusion(/Lotus/Upgrades/Mods/Fusers/RareModFuser),Frappe fracassante(/Lotus/Upgrades/Mods/Melee/WeaponArmorPiercingDamageMod),Atteinte(/Lotus/Upgrades/Mods/Melee/WeaponMeleeRangeIncMod),Concussion Rounds(/Lotus/Upgrades/Mods/Pistol/WeaponImpactDamageMod),À bout portant(/Lotus/Upgrades/Mods/Shotgun/WeaponDamageAmountMod),
Electric Crawler (AiWeek/Crawlers/Lightning),Rip Line(/Lotus/Powersuits/Berserker/GrappleAbilityCard),Super saut(/Lotus/Powersuits/Excalibur/SuperJumpAbilityCard),Attirer(/Lotus/Powersuits/Mag/PullAbilityCard),Rare Cœur de Fusion(/Lotus/Upgrades/Mods/Fusers/RareModFuser),Uncommon Cœur de Fusion(/Lotus/Upgrades/Mods/Fusers/UncommonModFuser),Force d'arrêt(/Lotus/Upgrades/Mods/Pistol/WeaponStunChanceMod),Dentelure(/Lotus/Upgrades/Mods/Rifle/WeaponDamageAmountMod),Rupture(/Lotus/Upgrades/Mods/Rifle/WeaponImpactDamageMod),Contagious Spread(/Lotus/Upgrades/Mods/Shotgun/WeaponToxinDamageMod),
Elite Arid Lancer (Desert/EliteRifleLancer),Bouclier polarisé(/Lotus/Powersuits/Mag/ShieldRegenAbilityCard),Reckoning(/Lotus/Powersuits/Paladin/ReckoningAbilityCard),Vengeance(/Lotus/Types/Sentinels/SentinelPrecepts/Revenge),Uncommon Cœur de Fusion(/Lotus/Upgrades/Mods/Fusers/UncommonModFuser),Dégaine(/Lotus/Upgrades/Mods/Pistol/WeaponReloadSpeedMod),Razor Shot(/Lotus/Upgrades/Mods/Pistol/WeaponSlashDamageMod),Coup de tonnerre(/Lotus/Upgrades/Mods/Rifle/BowExplosionChanceMod),Undying Will(/Lotus/Upgrades/Mods/Warframe/AvatarBleedoutDelayMod),Redirection(/Lotus/Upgrades/Mods/Warframe/AvatarShieldMaxMod),Crossing Snakes(/Lotus/Weapons/Tenno/Melee/MeleeTrees/DualSwordCmbTwoMeleeTree)
Elite Crewman (Spaceman/EliteSpaceman),Rip Line(/Lotus/Powersuits/Berserker/GrappleAbilityCard),Common Cœur de Fusion(/Lotus/Upgrades/Mods/Fusers/CommonModFuser),Rare Cœur de Fusion(/Lotus/Upgrades/Mods/Fusers/RareModFuser),Uncommon Cœur de Fusion(/Lotus/Upgrades/Mods/Fusers/UncommonModFuser),Furie(/Lotus/Upgrades/Mods/Melee/WeaponFireRateMod),Jagged Edge(/Lotus/Upgrades/Mods/Melee/WeaponSlashDamageMod),Sans retour(/Lotus/Upgrades/Mods/Pistol/WeaponArmorPiercingDamageMod),Infected Clip(/Lotus/Upgrades/Mods/Rifle/WeaponToxinDamageMod),Gnashing Payara(/Lotus/Weapons/Tenno/Melee/MeleeTrees/DualDaggerCmbTwoMeleeTree),
Elite Frontier Lancer (Forest/EliteRifleLancer),Bouclier polarisé(/Lotus/Powersuits/Mag/ShieldRegenAbilityCard),Reckoning(/Lotus/Powersuits/Paladin/ReckoningAbilityCard),Vengeance(/Lotus/Types/Sentinels/SentinelPrecepts/Revenge),Uncommon Cœur de Fusion(/Lotus/Upgrades/Mods/Fusers/UncommonModFuser),Dégaine(/Lotus/Upgrades/Mods/Pistol/WeaponReloadSpeedMod),Razor Shot(/Lotus/Upgrades/Mods/Pistol/WeaponSlashDamageMod),Coup de tonnerre(/Lotus/Upgrades/Mods/Rifle/BowExplosionChanceMod),Undying Will(/Lotus/Upgrades/Mods/Warframe/AvatarBleedoutDelayMod),Redirection(/Lotus/Upgrades/Mods/Warframe/AvatarShieldMaxMod),Crossing Snakes(/Lotus/Weapons/Tenno/Melee/MeleeTrees/DualSwordCmbTwoMeleeTree)
Frontier Butcher (Forest/BladeSawman),Paralysis(/Lotus/Powersuits/Berserker/ShieldBlastAbilityCard),Common Cœur de Fusion(/Lotus/Upgrades/Mods/Fusers/CommonModFuser),Uncommon Cœur de Fusion(/Lotus/Upgrades/Mods/Fusers/UncommonModFuser),Vent du Nord(/Lotus/Upgrades/Mods/Melee/WeaponFreezeDamageMod),Bobine réflexe(/Lotus/Upgrades/Mods/Melee/WeaponMeleeChargeRateMod),Fever Strike(/Lotus/Upgrades/Mods/Melee/WeaponToxinDamageMod),Coup de tonerre(/Lotus/Upgrades/Mods/Rifle/WeaponStunChanceMod),Tromblon(/Lotus/Upgrades/Mods/Shotgun/WeaponCritChanceMod),Flux(/Lotus/Upgrades/Mods/Warframe/AvatarPowerMaxMod),Tranquil Cleave(/Lotus/Weapons/Tenno/Melee/MeleeTrees/KatanaCmbOneMeleeTree)
Frontier Eviscerator (Forest/EvisceratorLancer),Vague de glace(/Lotus/Powersuits/Frost/IceSpikeAbilityCard),Lien(/Lotus/Powersuits/Trinity/LinkAbilityCard),Common Cœur de Fusion(/Lotus/Upgrades/Mods/Fusers/CommonModFuser),Rare Cœur de Fusion(/Lotus/Upgrades/Mods/Fusers/RareModFuser),Toucher choquant(/Lotus/Upgrades/Mods/Melee/WeaponElectricityDamageMod),Force chancelante(/Lotus/Upgrades/Mods/Melee/WeaponStunChanceMod),Manoeuvre du pistolet(/Lotus/Upgrades/Mods/Pistol/WeaponCritChanceMod),Disruptor(/Lotus/Upgrades/Mods/Shotgun/WeaponImpactDamageMod),Sundering Weave(/Lotus/Weapons/Tenno/Melee/MeleeTrees/MacheteCmbOneMeleeTree),
Frontier Heavy Gunner (Forest/HeavyFemaleGrineerDesert),Tail Wind(/Lotus/Powersuits/Tengu/TailWindAbilityCard),Rare Cœur de Fusion(/Lotus/Upgrades/Mods/Fusers/RareModFuser),Heavy Trauma(/Lotus/Upgrades/Mods/Melee/WeaponImpactDamageMod),Point de pression(/Lotus/Upgrades/Mods/Melee/WeaponMeleeDamageMod),Charge chaleureuse(/Lotus/Upgrades/Mods/Pistol/WeaponFireDamageMod),Rationalisation(/Lotus/Upgrades/Mods/Warframe/AvatarAbilityEfficiencyMod),Peau de diamant(/Lotus/Upgrades/Mods/Warframe/AvatarDamageResistanceLaser),Vitalité(/Lotus/Upgrades/Mods/Warframe/AvatarHealthMaxMod),Iron Phoenix(/Lotus/Weapons/Tenno/Melee/MeleeTrees/IronPhoenixMeleeTree),
Frontier Hellion (Forest/JetpackMarine),Tail Wind(/Lotus/Powersuits/Tengu/TailWindAbilityCard),Rare Cœur de Fusion(/Lotus/Upgrades/Mods/Fusers/RareModFuser),Heavy Trauma(/Lotus/Upgrades/Mods/Melee/WeaponImpactDamageMod),Point de pression(/Lotus/Upgrades/Mods/Melee/WeaponMeleeDamageMod),Charge chaleureuse(/Lotus/Upgrades/Mods/Pistol/WeaponFireDamageMod),Rationalisation(/Lotus/Upgrades/Mods/Warframe/AvatarAbilityEfficiencyMod),Peau de diamant(/Lotus/Upgrades/Mods/Warframe/AvatarDamageResistanceLaser),Vitalité(/Lotus/Upgrades/Mods/Warframe/AvatarHealthMaxMod),Iron Phoenix(/Lotus/Weapons/Tenno/Melee/MeleeTrees/IronPhoenixMeleeTree),
Frontier Lancer (Forest/RifleLancer),Tail Wind(/Lotus/Powersuits/Tengu/TailWindAbilityCard),Rare Cœur de Fusion(/Lotus/Upgrades/Mods/Fusers/RareModFuser),Heavy Trauma(/Lotus/Upgrades/Mods/Melee/WeaponImpactDamageMod),Point de pression(/Lotus/Upgrades/Mods/Melee/WeaponMeleeDamageMod),Charge chaleureuse(/Lotus/Upgrades/Mods/Pistol/WeaponFireDamageMod),Rationalisation(/Lotus/Upgrades/Mods/Warframe/AvatarAbilityEfficiencyMod),Peau de diamant(/Lotus/Upgrades/Mods/Warframe/AvatarDamageResistanceLaser),Vitalité(/Lotus/Upgrades/Mods/Warframe/AvatarHealthMaxMod),Iron Phoenix(/Lotus/Weapons/Tenno/Melee/MeleeTrees/IronPhoenixMeleeTree),
Frontier Regulator (SpecialEvents/ForestDrone),Javelot radial(/Lotus/Powersuits/Excalibur/RadialJavelinAbilityCard),Common Cœur de Fusion(/Lotus/Upgrades/Mods/Fusers/CommonModFuser),Rare Cœur de Fusion(/Lotus/Upgrades/Mods/Fusers/RareModFuser),Uncommon Cœur de Fusion(/Lotus/Upgrades/Mods/Fusers/UncommonModFuser),Furie(/Lotus/Upgrades/Mods/Melee/WeaponFireRateMod),Force chancelante(/Lotus/Upgrades/Mods/Melee/WeaponStunChanceMod),Convulsion(/Lotus/Upgrades/Mods/Pistol/WeaponElectricityDamageMod),Antre de l'enfer(/Lotus/Upgrades/Mods/Shotgun/WeaponFireIterationsMod),Vitalité(/Lotus/Upgrades/Mods/Warframe/AvatarHealthMaxMod),
Frontier Seeker (Forest/GrineerMarinePistol),Lâché(/Lotus/Powersuits/AntiMatter/AntiMatterDropAbilityCard),Tempête de lames(/Lotus/Powersuits/Ninja/NinjaStormAbilityCard),Rare Cœur de Fusion(/Lotus/Upgrades/Mods/Fusers/RareModFuser),Coup meurtrier(/Lotus/Upgrades/Mods/Melee/WeaponMeleeHeavyDamageMod),Canon à diffusion(/Lotus/Upgrades/Mods/Pistol/WeaponFireIterationsMod),Sawtooth Clip(/Lotus/Upgrades/Mods/Rifle/WeaponSlashDamageMod),Déviation rapide(/Lotus/Upgrades/Mods/Sentinel/SentinelShieldRechargeRateMod),Crushing Ruin(/Lotus/Weapons/Tenno/Melee/MeleeTrees/HammerCmbTwoMeleeTree),Shimmering Blight(/Lotus/Weapons/Tenno/Melee/MeleeTrees/PolearmCmbOneMeleeTree),
Frontier Trooper (Forest/ShotgunLancer),Vague de glace(/Lotus/Powersuits/Frost/IceSpikeAbilityCard),Lien(/Lotus/Powersuits/Trinity/LinkAbilityCard),Common Cœur de Fusion(/Lotus/Upgrades/Mods/Fusers/CommonModFuser),Rare Cœur de Fusion(/Lotus/Upgrades/Mods/Fusers/RareModFuser),Toucher choquant(/Lotus/Upgrades/Mods/Melee/WeaponElectricityDamageMod),Force chancelante(/Lotus/Upgrades/Mods/Melee/WeaponStunChanceMod),Manoeuvre du pistolet(/Lotus/Upgrades/Mods/Pistol/WeaponCritChanceMod),Disruptor(/Lotus/Upgrades/Mods/Shotgun/WeaponImpactDamageMod),Sundering Weave(/Lotus/Weapons/Tenno/Melee/MeleeTrees/MacheteCmbOneMeleeTree),
Fusion Moa Guardian (TennoReplicants/TennoMoaBiped),Fatal Attraction(/Lotus/Types/Sentinels/SentinelPrecepts/Bait),Striker(/Lotus/Types/Sentinels/SentinelPrecepts/BoomStick),Common Cœur de Fusion(/Lotus/Upgrades/Mods/Fusers/CommonModFuser),Rare Cœur de Fusion(/Lotus/Upgrades/Mods/Fusers/RareModFuser),Second Wind(/Lotus/Upgrades/Mods/Melee/WeaponStaminaBonusMod),Reflex Guard(/Lotus/Upgrades/Mods/Warframe/AvatarAutoParryMod),Antitoxine(/Lotus/Upgrades/Mods/Warframe/AvatarDamageResistancePoison),Bleeding Willow(/Lotus/Weapons/Tenno/Melee/MeleeTrees/PolearmCmbTwoMeleeTree),,
Gantelet Énergetique Grineer (AIWeek/PistonSawman),Charge Rhino(/Lotus/Powersuits/Rhino/RhinoChargeAbilityCard),Vaporise(/Lotus/Types/Sentinels/SentinelPrecepts/Vaporize),Rare Cœur de Fusion(/Lotus/Upgrades/Mods/Fusers/RareModFuser),Uncommon Cœur de Fusion(/Lotus/Upgrades/Mods/Fusers/UncommonModFuser),Craque-cibles(/Lotus/Upgrades/Mods/Pistol/WeaponCritDamageMod),Fléau des Infestés(/Lotus/Upgrades/Mods/Rifle/WeaponFactionDamageInfested),Redirection(/Lotus/Upgrades/Mods/Sentinel/SentinelShieldMaxMod),Force de pénétration(/Lotus/Upgrades/Mods/Shotgun/WeaponPunctureDepthMod),Grim Fury(/Lotus/Weapons/Tenno/Melee/MeleeTrees/PunchKickCmbOneMeleeTree),
General Sargas Ruk (Vip/SargasRuk/SargasRukNew),Absorption(/Lotus/Powersuits/Jade/SelfBulletAttractorAbilityCard),Point de pression(/Lotus/Upgrades/Mods/Melee/WeaponMeleeDamageMod),Force chancelante(/Lotus/Upgrades/Mods/Melee/WeaponStunChanceMod),Chambre divisée(/Lotus/Upgrades/Mods/Rifle/WeaponFireIterationsMod),Contrôle des foules(/Lotus/Upgrades/Mods/Shotgun/WeaponStunChanceMod),Continuité(/Lotus/Upgrades/Mods/Warframe/AvatarAbilityDurationMod),Shattering Storm(/Lotus/Weapons/Tenno/Melee/MeleeTrees/HammerCmbOneMeleeTree),,,
Grineer Eviscerator (AIWeek/EviseratorLancer),Vague de glace(/Lotus/Powersuits/Frost/IceSpikeAbilityCard),Lien(/Lotus/Powersuits/Trinity/LinkAbilityCard),Common Cœur de Fusion(/Lotus/Upgrades/Mods/Fusers/CommonModFuser),Rare Cœur de Fusion(/Lotus/Upgrades/Mods/Fusers/RareModFuser),Toucher choquant(/Lotus/Upgrades/Mods/Melee/WeaponElectricityDamageMod),Force chancelante(/Lotus/Upgrades/Mods/Melee/WeaponStunChanceMod),Manoeuvre du pistolet(/Lotus/Upgrades/Mods/Pistol/WeaponCritChanceMod),Disruptor(/Lotus/Upgrades/Mods/Shotgun/WeaponImpactDamageMod),Sundering Weave(/Lotus/Weapons/Tenno/Melee/MeleeTrees/MacheteCmbOneMeleeTree),
Grineer Napalm (AIWeek/IncendiaryBombard),Dive Bomb(/Lotus/Powersuits/Tengu/DiveBombAbilityCard),Uncommon Cœur de Fusion(/Lotus/Upgrades/Mods/Fusers/UncommonModFuser),Pistolero(/Lotus/Upgrades/Mods/Pistol/WeaponFireRateMod),Frappe tendue(/Lotus/Upgrades/Mods/Rifle/WeaponCritChanceMod),Vitalité(/Lotus/Upgrades/Mods/Sentinel/SentinelHealthMaxMod),Réserve de munitions(/Lotus/Upgrades/Mods/Shotgun/WeaponClipMaxMod),Isolation(/Lotus/Upgrades/Mods/Warframe/AvatarDamageResistanceIce),Rage(/Lotus/Upgrades/Mods/Warframe/AvatarDamageToEnergyMod),Rending Crane(/Lotus/Weapons/Tenno/Melee/MeleeTrees/AxeCmbOneMeleeTree),
Guardsman (AIWeek/GrineerMeleeStaff),Common Cœur de Fusion(/Lotus/Upgrades/Mods/Fusers/CommonModFuser),Rare Cœur de Fusion(/Lotus/Upgrades/Mods/Fusers/RareModFuser),Uncommon Cœur de Fusion(/Lotus/Upgrades/Mods/Fusers/UncommonModFuser),Vent du Nord(/Lotus/Upgrades/Mods/Melee/WeaponFreezeDamageMod),Bobine réflexe(/Lotus/Upgrades/Mods/Melee/WeaponMeleeChargeRateMod),Point de pression(/Lotus/Upgrades/Mods/Melee/WeaponMeleeDamageMod),Châtie-Grineer(/Lotus/Upgrades/Mods/Melee/WeaponMeleeFactionDamageGrineer),Frappe tendue(/Lotus/Upgrades/Mods/Rifle/WeaponCritChanceMod),Mains habiles(/Lotus/Upgrades/Mods/Rifle/WeaponReloadSpeedMod),Flux(/Lotus/Upgrades/Mods/Warframe/AvatarPowerMaxMod)
Guardsman (AIWeek/GrineerMeleeStaffLeader),Explosion sonique(/Lotus/Powersuits/Banshee/PushAbilityCard),Common Cœur de Fusion(/Lotus/Upgrades/Mods/Fusers/CommonModFuser),Rare Cœur de Fusion(/Lotus/Upgrades/Mods/Fusers/RareModFuser),Uncommon Cœur de Fusion(/Lotus/Upgrades/Mods/Fusers/UncommonModFuser),Coup du chargeur(/Lotus/Upgrades/Mods/Pistol/WeaponAmmoMaxMod),Coup de tonerre(/Lotus/Upgrades/Mods/Rifle/WeaponStunChanceMod),Purifie-Corpus(/Lotus/Upgrades/Mods/Shotgun/WeaponShotgunFactionDamageCorpus),Ignifugé(/Lotus/Upgrades/Mods/Warframe/AvatarDamageResistanceFire),Perception des ennemis(/Lotus/Upgrades/Mods/Warframe/AvatarEnemyRadarMod),
Hellion (AIWeek/JetpackMarine),Tail Wind(/Lotus/Powersuits/Tengu/TailWindAbilityCard),Rare Cœur de Fusion(/Lotus/Upgrades/Mods/Fusers/RareModFuser),Heavy Trauma(/Lotus/Upgrades/Mods/Melee/WeaponImpactDamageMod),Point de pression(/Lotus/Upgrades/Mods/Melee/WeaponMeleeDamageMod),Charge chaleureuse(/Lotus/Upgrades/Mods/Pistol/WeaponFireDamageMod),Rationalisation(/Lotus/Upgrades/Mods/Warframe/AvatarAbilityEfficiencyMod),Peau de diamant(/Lotus/Upgrades/Mods/Warframe/AvatarDamageResistanceLaser),Vitalité(/Lotus/Upgrades/Mods/Warframe/AvatarHealthMaxMod),Iron Phoenix(/Lotus/Weapons/Tenno/Melee/MeleeTrees/IronPhoenixMeleeTree),
Homme D'équipage (Spaceman/AIWeek/RifleSpaceman),Élan tranchant(/Lotus/Powersuits/Excalibur/SlashDashAbilityCard),Contagion(/Lotus/Powersuits/Saryn/WeaponPoisonAbilityCard),Common Cœur de Fusion(/Lotus/Upgrades/Mods/Fusers/CommonModFuser),Rare Cœur de Fusion(/Lotus/Upgrades/Mods/Fusers/RareModFuser),Furie(/Lotus/Upgrades/Mods/Melee/WeaponFireRateMod),Atteinte(/Lotus/Upgrades/Mods/Melee/WeaponMeleeRangeIncMod),Sans retour(/Lotus/Upgrades/Mods/Pistol/WeaponArmorPiercingDamageMod),Tambour de munitions(/Lotus/Upgrades/Mods/Rifle/WeaponAmmoMaxMod),Reaping Spiral(/Lotus/Weapons/Tenno/Melee/MeleeTrees/ScytheCmbOneMeleeTree),
Homme D'équipage (Spaceman/AIWeek/ShotgunSpaceman),Rip Line(/Lotus/Powersuits/Berserker/GrappleAbilityCard),Common Cœur de Fusion(/Lotus/Upgrades/Mods/Fusers/CommonModFuser),Uncommon Cœur de Fusion(/Lotus/Upgrades/Mods/Fusers/UncommonModFuser),Force chancelante(/Lotus/Upgrades/Mods/Melee/WeaponStunChanceMod),Concussion Rounds(/Lotus/Upgrades/Mods/Pistol/WeaponImpactDamageMod),Infected Clip(/Lotus/Upgrades/Mods/Rifle/WeaponToxinDamageMod),Shredder(/Lotus/Upgrades/Mods/Shotgun/WeaponSlashDamageMod),Sinking Talon(/Lotus/Weapons/Tenno/Melee/MeleeTrees/DualDaggerCmbOneMeleeTree),,
Homme D'équipage Prod (Spaceman/AIWeek/MeleeSpaceman),Gel(/Lotus/Powersuits/Frost/IcicleAbilityCard),Common Cœur de Fusion(/Lotus/Upgrades/Mods/Fusers/CommonModFuser),Rare Cœur de Fusion(/Lotus/Upgrades/Mods/Fusers/RareModFuser),Uncommon Cœur de Fusion(/Lotus/Upgrades/Mods/Fusers/UncommonModFuser),Manoeuvre du pistolet(/Lotus/Upgrades/Mods/Pistol/WeaponCritChanceMod),Perception vitale(/Lotus/Upgrades/Mods/Rifle/WeaponCritDamageMod),Fibre d'acier(/Lotus/Upgrades/Mods/Sentinel/SentinelArmourMod),Étreinte raffraichissante(/Lotus/Upgrades/Mods/Shotgun/WeaponFreezeDamageMod),Contrôle des foules(/Lotus/Upgrades/Mods/Shotgun/WeaponStunChanceMod),
Homme D'équipage Tireur D'élite (Spaceman/AIWeek/SniperSpaceman),Élan tranchant(/Lotus/Powersuits/Excalibur/SlashDashAbilityCard),Mue(/Lotus/Powersuits/Saryn/ShedAbilityCard),Surcharge(/Lotus/Powersuits/Volt/OverloadAbilityCard),Guerrier(/Lotus/Types/Sentinels/SentinelPrecepts/Warrior),Rare Cœur de Fusion(/Lotus/Upgrades/Mods/Fusers/RareModFuser),Uncommon Cœur de Fusion(/Lotus/Upgrades/Mods/Fusers/UncommonModFuser),Ravage(/Lotus/Upgrades/Mods/Shotgun/WeaponCritDamageMod),Manteau incendiaire(/Lotus/Upgrades/Mods/Shotgun/WeaponFireDamageMod),Stalking Fan(/Lotus/Weapons/Tenno/Melee/MeleeTrees/ScytheCmbTwoMeleeTree),
J3 Golem (Vip/GolemFull),Shadows of the Dead(/Lotus/Powersuits/Necro/CloneTheDeadAbilityCard),Glaive Reflection(/Lotus/Upgrades/Mods/Melee/WeaponGlaiveReflectionDecreaseMod),Glaive Refraction(/Lotus/Upgrades/Mods/Melee/WeaponGlaiveReflectionIncreaseMod),Stabilizer(/Lotus/Upgrades/Mods/Rifle/WeaponRecoilReductionMod),Spare Parts(/Lotus/Upgrades/Mods/Sentinel/SentinelDropChanceMod),,,,,
Jackal (QuadRobot/QuadRobot),Piétinement Rhino(/Lotus/Powersuits/Rhino/RhinoStompAbilityCard),Compression de cartouches(/Lotus/Upgrades/Mods/Shotgun/WeaponAmmoMaxMod),Tromblon(/Lotus/Upgrades/Mods/Shotgun/WeaponCritChanceMod),Pompe tactique(/Lotus/Upgrades/Mods/Shotgun/WeaponReloadSpeedMod),Fibre antichoc(/Lotus/Upgrades/Mods/Warframe/AvatarDamageResistanceKnockdown),Mains sur ressorts(/Lotus/Upgrades/Mods/Warframe/AvatarKnockdownRecoveryMod),,,,
Kela De Thaym (Vip/HeavyRocketFemale),Secousse sonique(/Lotus/Powersuits/Banshee/EarthQuakeAbilityCard),Impact de fusion(/Lotus/Upgrades/Mods/Melee/WeaponFireDamageMod),Coup meurtrier(/Lotus/Upgrades/Mods/Melee/WeaponMeleeHeavyDamageMod),Canalisation de mêlée(/Lotus/Upgrades/Mods/Melee/WeaponPowerDamageMod),Balles cryogéniques(/Lotus/Upgrades/Mods/Rifle/WeaponFreezeDamageMod),Allonge(/Lotus/Upgrades/Mods/Warframe/AvatarAbilityRangeMod),,,,
Lame De Feu Grineer (AIWeek/BlowtorchSawman),Explosion sonique(/Lotus/Powersuits/Banshee/PushAbilityCard),Common Cœur de Fusion(/Lotus/Upgrades/Mods/Fusers/CommonModFuser),Rare Cœur de Fusion(/Lotus/Upgrades/Mods/Fusers/RareModFuser),Uncommon Cœur de Fusion(/Lotus/Upgrades/Mods/Fusers/UncommonModFuser),Coup du chargeur(/Lotus/Upgrades/Mods/Pistol/WeaponAmmoMaxMod),Coup de tonerre(/Lotus/Upgrades/Mods/Rifle/WeaponStunChanceMod),Purifie-Corpus(/Lotus/Upgrades/Mods/Shotgun/WeaponShotgunFactionDamageCorpus),Ignifugé(/Lotus/Upgrades/Mods/Warframe/AvatarDamageResistanceFire),Perception des ennemis(/Lotus/Upgrades/Mods/Warframe/AvatarEnemyRadarMod),
Lancier Grineer (AIWeek/RifleLancer),Tail Wind(/Lotus/Powersuits/Tengu/TailWindAbilityCard),Rare Cœur de Fusion(/Lotus/Upgrades/Mods/Fusers/RareModFuser),Heavy Trauma(/Lotus/Upgrades/Mods/Melee/WeaponImpactDamageMod),Point de pression(/Lotus/Upgrades/Mods/Melee/WeaponMeleeDamageMod),Charge chaleureuse(/Lotus/Upgrades/Mods/Pistol/WeaponFireDamageMod),Rationalisation(/Lotus/Upgrades/Mods/Warframe/AvatarAbilityEfficiencyMod),Peau de diamant(/Lotus/Upgrades/Mods/Warframe/AvatarDamageResistanceLaser),Vitalité(/Lotus/Upgrades/Mods/Warframe/AvatarHealthMaxMod),Iron Phoenix(/Lotus/Weapons/Tenno/Melee/MeleeTrees/IronPhoenixMeleeTree),
Lancier Grineer D'élite (AIWeek/EliteRifleLancer),Bouclier polarisé(/Lotus/Powersuits/Mag/ShieldRegenAbilityCard),Reckoning(/Lotus/Powersuits/Paladin/ReckoningAbilityCard),Vengeance(/Lotus/Types/Sentinels/SentinelPrecepts/Revenge),Uncommon Cœur de Fusion(/Lotus/Upgrades/Mods/Fusers/UncommonModFuser),Dégaine(/Lotus/Upgrades/Mods/Pistol/WeaponReloadSpeedMod),Razor Shot(/Lotus/Upgrades/Mods/Pistol/WeaponSlashDamageMod),Coup de tonnerre(/Lotus/Upgrades/Mods/Rifle/BowExplosionChanceMod),Undying Will(/Lotus/Upgrades/Mods/Warframe/AvatarBleedoutDelayMod),Redirection(/Lotus/Upgrades/Mods/Warframe/AvatarShieldMaxMod),Crossing Snakes(/Lotus/Weapons/Tenno/Melee/MeleeTrees/DualSwordCmbTwoMeleeTree)
Lancier À Bouclier (AIWeek/ShieldLancer),Rugissement(/Lotus/Powersuits/Rhino/RadialBlastAbilityCard),Common Cœur de Fusion(/Lotus/Upgrades/Mods/Fusers/CommonModFuser),Rare Cœur de Fusion(/Lotus/Upgrades/Mods/Fusers/RareModFuser),Uncommon Cœur de Fusion(/Lotus/Upgrades/Mods/Fusers/UncommonModFuser),Châtie-Infestés(/Lotus/Upgrades/Mods/Melee/WeaponMeleeFactionDamageInfested),Fléchette(/Lotus/Upgrades/Mods/Shotgun/WeaponArmorPiercingDamageMod),Astuce du voleur(/Lotus/Upgrades/Mods/Warframe/AvatarLootRadarMod),Rétribution(/Lotus/Upgrades/Mods/Warframe/AvatarRevengeDamageMelee),Repos rapide(/Lotus/Upgrades/Mods/Warframe/AvatarStaminaRechargeRateMod),
Lobber Crawler (AiWeek/Crawlers/Grenade),Vague de glace(/Lotus/Powersuits/Frost/IceSpikeAbilityCard),Transposition(/Lotus/Powersuits/Loki/SwitchAbilityCard),Common Cœur de Fusion(/Lotus/Upgrades/Mods/Fusers/CommonModFuser),Rare Cœur de Fusion(/Lotus/Upgrades/Mods/Fusers/RareModFuser),Uncommon Cœur de Fusion(/Lotus/Upgrades/Mods/Fusers/UncommonModFuser),Point de pression(/Lotus/Upgrades/Mods/Melee/WeaponMeleeDamageMod),Coup du chargeur(/Lotus/Upgrades/Mods/Pistol/WeaponAmmoMaxMod),Tromblon(/Lotus/Upgrades/Mods/Shotgun/WeaponCritChanceMod),Impact lourd(/Lotus/Upgrades/Mods/Warframe/AvatarFallingImpactMod),
Lt Lech Kril (Vip/BossLechKril),Secousse sonique(/Lotus/Powersuits/Banshee/EarthQuakeAbilityCard),Impact de fusion(/Lotus/Upgrades/Mods/Melee/WeaponFireDamageMod),Coup meurtrier(/Lotus/Upgrades/Mods/Melee/WeaponMeleeHeavyDamageMod),Canalisation de mêlée(/Lotus/Upgrades/Mods/Melee/WeaponPowerDamageMod),Balles cryogéniques(/Lotus/Upgrades/Mods/Rifle/WeaponFreezeDamageMod),Allonge(/Lotus/Upgrades/Mods/Warframe/AvatarAbilityRangeMod),,,,
Mitrailleur Lourd Grineer (AIWeek/HeavyFemaleGrineer),Monde en feu(/Lotus/Powersuits/Ember/WorldOnFireAbilityCard),Invisibilité(/Lotus/Powersuits/Loki/InvisibilityAbilityCard),Common Cœur de Fusion(/Lotus/Upgrades/Mods/Fusers/CommonModFuser),Rare Cœur de Fusion(/Lotus/Upgrades/Mods/Fusers/RareModFuser),Uncommon Cœur de Fusion(/Lotus/Upgrades/Mods/Fusers/UncommonModFuser),Chargeur glissant(/Lotus/Upgrades/Mods/Pistol/WeaponClipMaxMod),Chargeur difforme(/Lotus/Upgrades/Mods/Rifle/WeaponClipMaxMod),Compression de cartouches(/Lotus/Upgrades/Mods/Shotgun/WeaponAmmoMaxMod),Tromblon(/Lotus/Upgrades/Mods/Shotgun/WeaponCritChanceMod),
Moa (BipedRobot/AIWeek/LaserCannonBiped),Désarmement radial(/Lotus/Powersuits/Loki/DisarmAbilityCard),Renewal(/Lotus/Powersuits/Paladin/RegenerationAbilityCard),Vengeance(/Lotus/Types/Sentinels/SentinelPrecepts/Revenge),Common Cœur de Fusion(/Lotus/Upgrades/Mods/Fusers/CommonModFuser),Rare Cœur de Fusion(/Lotus/Upgrades/Mods/Fusers/RareModFuser),Vent du Nord(/Lotus/Upgrades/Mods/Melee/WeaponFreezeDamageMod),Châtie-Grineer(/Lotus/Upgrades/Mods/Melee/WeaponMeleeFactionDamageGrineer),Canalisation de mêlée(/Lotus/Upgrades/Mods/Melee/WeaponPowerDamageMod),Tambour de munitions(/Lotus/Upgrades/Mods/Rifle/WeaponAmmoMaxMod),
Moa Canon À Rail (BipedRobot/AIWeek/RailgunBiped),Hallowed Ground(/Lotus/Powersuits/Paladin/StairwayToHeavenAbilityCard),Venin(/Lotus/Powersuits/Saryn/PoisonAbilityCard),Bénédiction(/Lotus/Powersuits/Trinity/BlessingAbilityCard),Choc(/Lotus/Powersuits/Volt/ShockAbilityCard),Common Cœur de Fusion(/Lotus/Upgrades/Mods/Fusers/CommonModFuser),Uncommon Cœur de Fusion(/Lotus/Upgrades/Mods/Fusers/UncommonModFuser),Coup du chargeur(/Lotus/Upgrades/Mods/Pistol/WeaponAmmoMaxMod),Chambre chargée(/Lotus/Upgrades/Mods/Rifle/SniperReloadDamageMod),Acrobate(/Lotus/Upgrades/Mods/Warframe/AvatarStaminaCostMultiplierMod),
Moa Fusion (BipedRobot/AIWeek/SuperMoaBiped),Vaporise(/Lotus/Types/Sentinels/SentinelPrecepts/Vaporize),Common Cœur de Fusion(/Lotus/Upgrades/Mods/Fusers/CommonModFuser),Rare Cœur de Fusion(/Lotus/Upgrades/Mods/Fusers/RareModFuser),Uncommon Cœur de Fusion(/Lotus/Upgrades/Mods/Fusers/UncommonModFuser),Châtie-Corpus(/Lotus/Upgrades/Mods/Melee/WeaponMeleeFactionDamageCorpus),Self Destruct(/Lotus/Upgrades/Mods/Sentinel/SentinelExplosionMod),Vitalité(/Lotus/Upgrades/Mods/Sentinel/SentinelHealthMaxMod),Antitoxine(/Lotus/Upgrades/Mods/Warframe/AvatarDamageResistancePoison),Astuce du voleur(/Lotus/Upgrades/Mods/Warframe/AvatarLootRadarMod),Rush(/Lotus/Upgrades/Mods/Warframe/AvatarSprintSpeedMod)
Moa Onde De Choc (BipedRobot/AIWeek/ShockwaveBiped),Charge Rhino(/Lotus/Powersuits/Rhino/RhinoChargeAbilityCard),Piétinement Rhino(/Lotus/Powersuits/Rhino/RhinoStompAbilityCard),Common Cœur de Fusion(/Lotus/Upgrades/Mods/Fusers/CommonModFuser),Rare Cœur de Fusion(/Lotus/Upgrades/Mods/Fusers/RareModFuser),Coup du chargeur(/Lotus/Upgrades/Mods/Pistol/WeaponAmmoMaxMod),Coup perforant(/Lotus/Upgrades/Mods/Rifle/WeaponArmorPiercingDamageMod),Balles cryogéniques(/Lotus/Upgrades/Mods/Rifle/WeaponFreezeDamageMod),Allonge(/Lotus/Upgrades/Mods/Warframe/AvatarAbilityRangeMod),Pointed Wind(/Lotus/Weapons/Tenno/Melee/MeleeTrees/DaggerCmbTwoMeleeTree),
Orokin Drone (OrokinShieldDrone),Soul Punch(/Lotus/Powersuits/Necro/SoulPunchAbilityCard),Terrify(/Lotus/Powersuits/Necro/TerrorTotemAbilityCard),Coolant Leak(/Lotus/Types/Sentinels/SentinelPrecepts/CoolantLeak),Common Cœur de Fusion(/Lotus/Upgrades/Mods/Fusers/CommonModFuser),Rare Cœur de Fusion(/Lotus/Upgrades/Mods/Fusers/RareModFuser),Uncommon Cœur de Fusion(/Lotus/Upgrades/Mods/Fusers/UncommonModFuser),Hush(/Lotus/Upgrades/Mods/Rifle/WeaponNoiseReductionMod),Fired Up(/Lotus/Upgrades/Mods/Sentinel/SentinelOverheatDamageMod),,
Osprey Poseur De Mines (Drones/AIWeek/MineDrone),Étoile zéro(/Lotus/Powersuits/AntiMatter/NullStarAbilityCard),Shuriken(/Lotus/Powersuits/Ninja/GlaiveAbilityCard),Rebond(/Lotus/Powersuits/Trapper/BounceTrapAbilityCard),Vitesse(/Lotus/Powersuits/Volt/SpeedAbilityCard),Common Cœur de Fusion(/Lotus/Upgrades/Mods/Fusers/CommonModFuser),Rare Cœur de Fusion(/Lotus/Upgrades/Mods/Fusers/RareModFuser),Uncommon Cœur de Fusion(/Lotus/Upgrades/Mods/Fusers/UncommonModFuser),Point de pression(/Lotus/Upgrades/Mods/Melee/WeaponMeleeDamageMod),Pointe métallique(/Lotus/Upgrades/Mods/Rifle/WeaponPunctureDepthMod),
Osprey Protecteur (Drones/AIWeek/ShieldDrone),Trou de ver(/Lotus/Powersuits/AntiMatter/WormHoleAbilityCard),Silence(/Lotus/Powersuits/Banshee/SilenceAbilityCard),Common Cœur de Fusion(/Lotus/Upgrades/Mods/Fusers/CommonModFuser),Rare Cœur de Fusion(/Lotus/Upgrades/Mods/Fusers/RareModFuser),Uncommon Cœur de Fusion(/Lotus/Upgrades/Mods/Fusers/UncommonModFuser),Acier véritable(/Lotus/Upgrades/Mods/Melee/WeaponCritChanceMod),Coup du chargeur(/Lotus/Upgrades/Mods/Pistol/WeaponAmmoMaxMod),Feu des enfers(/Lotus/Upgrades/Mods/Rifle/WeaponFireDamageMod),Vitalité(/Lotus/Upgrades/Mods/Sentinel/SentinelHealthMaxMod),Déviation rapide(/Lotus/Upgrades/Mods/Warframe/AvatarShieldRechargeRateMod)
Osprey Sangsue (Drones/AIWeek/LeechDrone),Contrôle mental(/Lotus/Powersuits/Jade/MindControlAbilityCard),Dispersion des foules(/Lotus/Types/Sentinels/SentinelPrecepts/CrowdDispersion),Common Cœur de Fusion(/Lotus/Upgrades/Mods/Fusers/CommonModFuser),Rare Cœur de Fusion(/Lotus/Upgrades/Mods/Fusers/RareModFuser),Chargeur difforme(/Lotus/Upgrades/Mods/Rifle/WeaponClipMaxMod),Chambre divisée(/Lotus/Upgrades/Mods/Rifle/WeaponFireIterationsMod),Allonge(/Lotus/Upgrades/Mods/Warframe/AvatarAbilityRangeMod),Peau de diamant(/Lotus/Upgrades/Mods/Warframe/AvatarDamageResistanceLaser),Gleaming Talon(/Lotus/Weapons/Tenno/Melee/MeleeTrees/GlaiveCmbOneMeleeTree),
Oxium Osprey (Drones/AIWeek/SuicideDrone),Javelot radial(/Lotus/Powersuits/Excalibur/RadialJavelinAbilityCard),Common Cœur de Fusion(/Lotus/Upgrades/Mods/Fusers/CommonModFuser),Rare Cœur de Fusion(/Lotus/Upgrades/Mods/Fusers/RareModFuser),Uncommon Cœur de Fusion(/Lotus/Upgrades/Mods/Fusers/UncommonModFuser),Furie(/Lotus/Upgrades/Mods/Melee/WeaponFireRateMod),Force chancelante(/Lotus/Upgrades/Mods/Melee/WeaponStunChanceMod),Convulsion(/Lotus/Upgrades/Mods/Pistol/WeaponElectricityDamageMod),Antre de l'enfer(/Lotus/Upgrades/Mods/Shotgun/WeaponFireIterationsMod),Vitalité(/Lotus/Upgrades/Mods/Warframe/AvatarHealthMaxMod),
Rampant (AiWeek/Crawlers/Crawler),Attirer(/Lotus/Powersuits/Mag/PullAbilityCard),Vortex(/Lotus/Powersuits/Trapper/MagHoleAbilityCard),Common Cœur de Fusion(/Lotus/Upgrades/Mods/Fusers/CommonModFuser),Rare Cœur de Fusion(/Lotus/Upgrades/Mods/Fusers/RareModFuser),Uncommon Cœur de Fusion(/Lotus/Upgrades/Mods/Fusers/UncommonModFuser),Dégaine(/Lotus/Upgrades/Mods/Pistol/WeaponReloadSpeedMod),Fléau des Corpus(/Lotus/Upgrades/Mods/Rifle/WeaponFactionDamageCorpus),Oeil d'aigle(/Lotus/Upgrades/Mods/Rifle/WeaponZoomFovMod),Fibre d'acier(/Lotus/Upgrades/Mods/Warframe/AvatarArmourMod),
Rampant Nauséeux (AiWeek/Crawlers/GraspingCrawler),Explosion sonique(/Lotus/Powersuits/Banshee/PushAbilityCard),Super saut(/Lotus/Powersuits/Excalibur/SuperJumpAbilityCard),Attirer(/Lotus/Powersuits/Mag/PullAbilityCard),Écran de fumée(/Lotus/Powersuits/Ninja/SmokeScreenAbilityCard),Common Cœur de Fusion(/Lotus/Upgrades/Mods/Fusers/CommonModFuser),Rare Cœur de Fusion(/Lotus/Upgrades/Mods/Fusers/RareModFuser),Dégaine(/Lotus/Upgrades/Mods/Pistol/WeaponReloadSpeedMod),Dentelure(/Lotus/Upgrades/Mods/Rifle/WeaponDamageAmountMod),Homing Fang(/Lotus/Weapons/Tenno/Melee/MeleeTrees/DaggerCmbOneMeleeTree),
Rampant Nocif (AiWeek/Crawlers/NoxiousCrawler),Vague de glace(/Lotus/Powersuits/Frost/IceSpikeAbilityCard),Transposition(/Lotus/Powersuits/Loki/SwitchAbilityCard),Common Cœur de Fusion(/Lotus/Upgrades/Mods/Fusers/CommonModFuser),Rare Cœur de Fusion(/Lotus/Upgrades/Mods/Fusers/RareModFuser),Uncommon Cœur de Fusion(/Lotus/Upgrades/Mods/Fusers/UncommonModFuser),Point de pression(/Lotus/Upgrades/Mods/Melee/WeaponMeleeDamageMod),Coup du chargeur(/Lotus/Upgrades/Mods/Pistol/WeaponAmmoMaxMod),Tromblon(/Lotus/Upgrades/Mods/Shotgun/WeaponCritChanceMod),Impact lourd(/Lotus/Upgrades/Mods/Warframe/AvatarFallingImpactMod),
Raptor (Drones/Vip/DroneAttack),Amorce moléculaire(/Lotus/Powersuits/AntiMatter/MolecularPrimeAbilityCard),Fracas d'organes(/Lotus/Upgrades/Mods/Melee/WeaponCritDamageMod),Bobine réflexe(/Lotus/Upgrades/Mods/Melee/WeaponMeleeChargeRateMod),Atteinte(/Lotus/Upgrades/Mods/Melee/WeaponMeleeRangeIncMod),Chambre divisée(/Lotus/Upgrades/Mods/Rifle/WeaponFireIterationsMod),Allonge(/Lotus/Upgrades/Mods/Warframe/AvatarAbilityRangeMod),,,,
Regulator (SpecialEvents/SurveillanceDrone),Javelot radial(/Lotus/Powersuits/Excalibur/RadialJavelinAbilityCard),Common Cœur de Fusion(/Lotus/Upgrades/Mods/Fusers/CommonModFuser),Rare Cœur de Fusion(/Lotus/Upgrades/Mods/Fusers/RareModFuser),Uncommon Cœur de Fusion(/Lotus/Upgrades/Mods/Fusers/UncommonModFuser),Furie(/Lotus/Upgrades/Mods/Melee/WeaponFireRateMod),Force chancelante(/Lotus/Upgrades/Mods/Melee/WeaponStunChanceMod),Convulsion(/Lotus/Upgrades/Mods/Pistol/WeaponElectricityDamageMod),Antre de l'enfer(/Lotus/Upgrades/Mods/Shotgun/WeaponFireIterationsMod),Vitalité(/Lotus/Upgrades/Mods/Warframe/AvatarHealthMaxMod),
Roller Grineer (AIWeek/RollingDrone),Trou de ver(/Lotus/Powersuits/AntiMatter/WormHoleAbilityCard),Silence(/Lotus/Powersuits/Banshee/SilenceAbilityCard),Common Cœur de Fusion(/Lotus/Upgrades/Mods/Fusers/CommonModFuser),Rare Cœur de Fusion(/Lotus/Upgrades/Mods/Fusers/RareModFuser),Uncommon Cœur de Fusion(/Lotus/Upgrades/Mods/Fusers/UncommonModFuser),Acier véritable(/Lotus/Upgrades/Mods/Melee/WeaponCritChanceMod),Coup du chargeur(/Lotus/Upgrades/Mods/Pistol/WeaponAmmoMaxMod),Feu des enfers(/Lotus/Upgrades/Mods/Rifle/WeaponFireDamageMod),Vitalité(/Lotus/Upgrades/Mods/Sentinel/SentinelHealthMaxMod),Déviation rapide(/Lotus/Upgrades/Mods/Warframe/AvatarShieldRechargeRateMod)
Sauteur (AiWeek/Runners/LeapingRunner),Boule de neige(/Lotus/Powersuits/Frost/IceShieldAbilityCard),Leurre(/Lotus/Powersuits/Loki/DecoyAbilityCard),Téléportation(/Lotus/Powersuits/Ninja/TelelportToAbilityCard),Vampire énergétique(/Lotus/Powersuits/Trinity/EnergyVampireAbilityCard),Mort brusque(/Lotus/Types/Sentinels/SentinelPrecepts/SwiftDeth),Common Cœur de Fusion(/Lotus/Upgrades/Mods/Fusers/CommonModFuser),Rare Cœur de Fusion(/Lotus/Upgrades/Mods/Fusers/RareModFuser),Purifie-Infestés(/Lotus/Upgrades/Mods/Shotgun/WeaponShotgunFactionDamageInfested),Seismic Palm(/Lotus/Weapons/Tenno/Melee/MeleeTrees/FistCmbTwoMeleeTree),
Scavenger Drone (Drones/AIWeek/VacDrone),Warcry(/Lotus/Powersuits/Berserker/IntimidateAbilityCard),Gel(/Lotus/Powersuits/Frost/IcicleAbilityCard),Acier véritable(/Lotus/Upgrades/Mods/Melee/WeaponCritChanceMod),Pistolero(/Lotus/Upgrades/Mods/Pistol/WeaponFireRateMod),Contagious Spread(/Lotus/Upgrades/Mods/Shotgun/WeaponToxinDamageMod),Redirection(/Lotus/Upgrades/Mods/Warframe/AvatarShieldMaxMod),,,,
Scieur Grineer (AIWeek/BladeSawman),Common Cœur de Fusion(/Lotus/Upgrades/Mods/Fusers/CommonModFuser),Rare Cœur de Fusion(/Lotus/Upgrades/Mods/Fusers/RareModFuser),Uncommon Cœur de Fusion(/Lotus/Upgrades/Mods/Fusers/UncommonModFuser),Vent du Nord(/Lotus/Upgrades/Mods/Melee/WeaponFreezeDamageMod),Bobine réflexe(/Lotus/Upgrades/Mods/Melee/WeaponMeleeChargeRateMod),Point de pression(/Lotus/Upgrades/Mods/Melee/WeaponMeleeDamageMod),Châtie-Grineer(/Lotus/Upgrades/Mods/Melee/WeaponMeleeFactionDamageGrineer),Frappe tendue(/Lotus/Upgrades/Mods/Rifle/WeaponCritChanceMod),Mains habiles(/Lotus/Upgrades/Mods/Rifle/WeaponReloadSpeedMod),Flux(/Lotus/Upgrades/Mods/Warframe/AvatarPowerMaxMod)
Scorpion Grineer (AIWeek/MacheteWoman),Avalanche(/Lotus/Powersuits/Frost/AvalancheAbilityCard),Aimant à balles(/Lotus/Powersuits/Mag/BulletAttractorAbilityCard),Common Cœur de Fusion(/Lotus/Upgrades/Mods/Fusers/CommonModFuser),Rare Cœur de Fusion(/Lotus/Upgrades/Mods/Fusers/RareModFuser),Uncommon Cœur de Fusion(/Lotus/Upgrades/Mods/Fusers/UncommonModFuser),Dentelure(/Lotus/Upgrades/Mods/Rifle/WeaponDamageAmountMod),Maître voleur(/Lotus/Upgrades/Mods/Warframe/AvatarChanceToLoot),Paratonnerre(/Lotus/Upgrades/Mods/Warframe/AvatarDamageResistanceElectricity),Impact lourd(/Lotus/Upgrades/Mods/Warframe/AvatarFallingImpactMod),
Sergeant Nef Anyo (Spaceman/Vip/SniperBoss),Vortex(/Lotus/Powersuits/Trapper/MagHoleAbilityCard),Toucher choquant(/Lotus/Upgrades/Mods/Melee/WeaponElectricityDamageMod),Bobine réflexe(/Lotus/Upgrades/Mods/Melee/WeaponMeleeChargeRateMod),Chargeur difforme(/Lotus/Upgrades/Mods/Rifle/WeaponClipMaxMod),Astuce du voleur(/Lotus/Upgrades/Mods/Warframe/AvatarLootRadarMod),,,,,
Soldat Grineer (AIWeek/ShotgunLancer),Vague de glace(/Lotus/Powersuits/Frost/IceSpikeAbilityCard),Lien(/Lotus/Powersuits/Trinity/LinkAbilityCard),Common Cœur de Fusion(/Lotus/Upgrades/Mods/Fusers/CommonModFuser),Rare Cœur de Fusion(/Lotus/Upgrades/Mods/Fusers/RareModFuser),Toucher choquant(/Lotus/Upgrades/Mods/Melee/WeaponElectricityDamageMod),Force chancelante(/Lotus/Upgrades/Mods/Melee/WeaponStunChanceMod),Manoeuvre du pistolet(/Lotus/Upgrades/Mods/Pistol/WeaponCritChanceMod),Disruptor(/Lotus/Upgrades/Mods/Shotgun/WeaponImpactDamageMod),Sundering Weave(/Lotus/Weapons/Tenno/Melee/MeleeTrees/MacheteCmbOneMeleeTree),
Technicien Corpus (Spaceman/AIWeek/DeployableSpaceman),Smite(/Lotus/Powersuits/Paladin/SmiteAbilityCard),Miasme(/Lotus/Powersuits/Saryn/ExplosiveDissolveAbilityCard),Common Cœur de Fusion(/Lotus/Upgrades/Mods/Fusers/CommonModFuser),Uncommon Cœur de Fusion(/Lotus/Upgrades/Mods/Fusers/UncommonModFuser),Frappe tendue(/Lotus/Upgrades/Mods/Rifle/WeaponCritChanceMod),Cartouche chargée(/Lotus/Upgrades/Mods/Shotgun/WeaponElectricityDamageMod),Purifie-Grineer(/Lotus/Upgrades/Mods/Shotgun/WeaponShotgunFactionDamageGrineer),Mains sur ressorts(/Lotus/Upgrades/Mods/Warframe/AvatarKnockdownRecoveryMod),Marathon(/Lotus/Upgrades/Mods/Warframe/AvatarStaminaMaxMod),Swirling Tiger(/Lotus/Weapons/Tenno/Melee/MeleeTrees/DualSwordCmbOneMeleeTree)
Tyl Regor (Vip/NinjaLeader),Tempête de lames(/Lotus/Powersuits/Ninja/NinjaStormAbilityCard),Acier véritable(/Lotus/Upgrades/Mods/Melee/WeaponCritChanceMod),Toucher choquant(/Lotus/Upgrades/Mods/Melee/WeaponElectricityDamageMod),Balles cryogéniques(/Lotus/Upgrades/Mods/Rifle/WeaponFreezeDamageMod),Fibre d'acier(/Lotus/Upgrades/Mods/Warframe/AvatarArmourMod),Vitalité(/Lotus/Upgrades/Mods/Warframe/AvatarHealthMaxMod),,,,
Vay Hek Terra Frame (Vip/Hek/HekBiped),Secousse sonique(/Lotus/Powersuits/Banshee/EarthQuakeAbilityCard),Common Cœur de Fusion(/Lotus/Upgrades/Mods/Fusers/CommonModFuser),Rare Cœur de Fusion(/Lotus/Upgrades/Mods/Fusers/RareModFuser),Uncommon Cœur de Fusion(/Lotus/Upgrades/Mods/Fusers/UncommonModFuser),Impact de fusion(/Lotus/Upgrades/Mods/Melee/WeaponFireDamageMod),Coup meurtrier(/Lotus/Upgrades/Mods/Melee/WeaponMeleeHeavyDamageMod),Canalisation de mêlée(/Lotus/Upgrades/Mods/Melee/WeaponPowerDamageMod),Balles cryogéniques(/Lotus/Upgrades/Mods/Rifle/WeaponFreezeDamageMod),Allonge(/Lotus/Upgrades/Mods/Warframe/AvatarAbilityRangeMod),
Vor (Vip/VorTwo/VorTwoBoss),Virulent Scourge(/Lotus/Upgrades/Mods/Melee/DualStat/PoisonEventMeleeMod),Pistol Pestilence(/Lotus/Upgrades/Mods/Pistol/DualStat/PoisonEventPistolMod),Malignant Force(/Lotus/Upgrades/Mods/Rifle/DualStat/PoisonEventRifleMod),Toxic Barrage(/Lotus/Upgrades/Mods/Shotgun/DualStat/PoisonEventShotgunMod),,,,,,
